{
    "finalPnL": -0.05795279372048928,
    "initialPrice": 17.766793692629204,
    "initialPriceStdDev": 0.09502463900701036,
    "time": 23.689686
}

