{
    "finalPnL": -0.29876774502758685,
    "initialPrice": 6.36081620436229,
    "initialPriceStdDev": 0.03146449834873022,
    "time": 8.570427
}

