{
    "finalPnL": 0.4759865119695519,
    "initialPrice": 8.274014209520509,
    "initialPriceStdDev": 0.04728061824246849,
    "time": 4.138007
}

