{
    "finalPnL": -0.3432663949368474,
    "initialPrice": 10.37135524859038,
    "initialPriceStdDev": 0.0658588419494994,
    "time": 2.814991
}

