{
    "finalPnL": -0.20743128214478687,
    "initialPrice": 9.267247132272317,
    "initialPriceStdDev": 0.05555908269714221,
    "time": 100.146651
}

