{
    "finalPnL": 0.002670607718584961,
    "initialPrice": 1.256082039228532,
    "initialPriceStdDev": 0.0005842999150486296,
    "time": 13.501843
}

