{
    "finalPnL": 0.0627346612356039,
    "initialPrice": 4.700512039969359,
    "initialPriceStdDev": 0.029965929066066804,
    "time": 25.213282
}

